id,name,status,conclusion,branch,commit_sha,created_at,url
26856285150,CI,completed,success,main,8b90e5a79e31a861a86c7b2018b1c67905713620,2026-06-03T00:30:23Z,https://github.com/R3ijar/open-growth-loop/actions/runs/26856285150
26855978631,CI,completed,success,main,30b013926e25e63dab84719d9951dacdb026342e,2026-06-03T00:21:14Z,https://github.com/R3ijar/open-growth-loop/actions/runs/26855978631
26855693147,CI,completed,success,main,a1f4d45ad80becbe83269129b7411657ddb87407,2026-06-03T00:12:49Z,https://github.com/R3ijar/open-growth-loop/actions/runs/26855693147
26790814098,CI,completed,success,main,974cbda14744675773af1f60ebef764e27cfcc5e,2026-06-02T00:33:30Z,https://github.com/R3ijar/open-growth-loop/actions/runs/26790814098
26789756219,CI,completed,success,main,861ec2e54059d0e1d11d85420a2a7d9f7e6aea20,2026-06-02T00:03:38Z,https://github.com/R3ijar/open-growth-loop/actions/runs/26789756219
26720390440,CI,completed,success,main,5eeab4d224465696cf3c17687ed57ba1fec5c90b,2026-05-31T18:08:24Z,https://github.com/R3ijar/open-growth-loop/actions/runs/26720390440
26701209088,CI,completed,success,v0.1.0,ad94cac1533cb20c725f8f401eed71703a54e2f6,2026-05-31T02:35:17Z,https://github.com/R3ijar/open-growth-loop/actions/runs/26701209088
26701208710,CI,completed,success,main,ad94cac1533cb20c725f8f401eed71703a54e2f6,2026-05-31T02:35:16Z,https://github.com/R3ijar/open-growth-loop/actions/runs/26701208710
26701183908,CI,completed,success,main,ffc45f759f3642d521ea5a70f6f26e2fc35f0109,2026-05-31T02:33:54Z,https://github.com/R3ijar/open-growth-loop/actions/runs/26701183908
26701145404,CI,completed,success,main,4f8305e2e79c26536e1318ede023bc23231864cb,2026-05-31T02:31:47Z,https://github.com/R3ijar/open-growth-loop/actions/runs/26701145404
26701110280,CI,completed,success,main,0fff96319aecc564694446bda7cd4a2ebd921a16,2026-05-31T02:29:56Z,https://github.com/R3ijar/open-growth-loop/actions/runs/26701110280
26700435814,CI,completed,success,main,afb305deb5673014814736e27c13a2f9014cda4a,2026-05-31T01:53:33Z,https://github.com/R3ijar/open-growth-loop/actions/runs/26700435814
26700178650,CI,completed,success,main,c06d02bd333deade027220dd42e74f13a549ed0a,2026-05-31T01:39:05Z,https://github.com/R3ijar/open-growth-loop/actions/runs/26700178650
26699952833,CI,completed,success,main,17f199b2381488d9f0d5ff7ef5d3b7000a283b5a,2026-05-31T01:26:35Z,https://github.com/R3ijar/open-growth-loop/actions/runs/26699952833
26699813643,CI,completed,success,main,45d3fd59d74de381915ef0c2ddb21bc0eeddbd92,2026-05-31T01:19:05Z,https://github.com/R3ijar/open-growth-loop/actions/runs/26699813643
26699646532,CI,completed,success,main,4fd82cb4eeec3efe1155bd3bb17d49521b99b527,2026-05-31T01:09:29Z,https://github.com/R3ijar/open-growth-loop/actions/runs/26699646532
26699581767,CI,completed,success,main,a9e461018c6ff9476d1e091818113fcdf273810a,2026-05-31T01:05:38Z,https://github.com/R3ijar/open-growth-loop/actions/runs/26699581767
26699533684,CI,completed,success,main,0e88d83373513af146c20b965d0e2a9f5ea7c3bb,2026-05-31T01:02:57Z,https://github.com/R3ijar/open-growth-loop/actions/runs/26699533684
26698970844,CI,completed,success,main,8f0fb9fed2b2484c471eb5818765fb2f6446549b,2026-05-31T00:31:32Z,https://github.com/R3ijar/open-growth-loop/actions/runs/26698970844
26698872509,CI,completed,success,main,64f8a8b8004e6f6849a95f2f598b164f2ae8eb5d,2026-05-31T00:26:14Z,https://github.com/R3ijar/open-growth-loop/actions/runs/26698872509
26698752416,CI,completed,success,main,3621daad4d929aeda5fda2e7158b1e52d4609e2c,2026-05-31T00:19:44Z,https://github.com/R3ijar/open-growth-loop/actions/runs/26698752416
